loc	pc	op	depth	cn	value	def	#uses	var1	var2	var3	var4	var5	var6	var7	sstores
1090	0xb3b	SLOAD	3	2	1973100494157878717795056	V629	1	V628							[3105, 5154, 7203, 9252, 11301, 13350, 15399, 17448, 19497, 21546, 23595, 25644, 27693, 29742, 31791, 33840, 35889, 37938, 39987, 42036, 44085, 46134, 48183, 50232, 52281, 54330, 56379, 58428]
2129	0x32f	SLOAD	4	6	1	V1178	1	V1177							[2153, 4202, 6251, 8300, 10349, 12398, 14447, 16496, 18545, 20594, 22643, 24692, 26741, 28790, 30839, 32888, 34937, 36986, 39035, 41084, 43133, 45182, 47231, 49280, 51329, 53378, 55427, 57476]
3139	0xb3b	SLOAD	6	7	1973358550722639099526392	V1754	1	V1753							[5154, 7203, 9252, 11301, 13350, 15399, 17448, 19497, 21546, 23595, 25644, 27693, 29742, 31791, 33840, 35889, 37938, 39987, 42036, 44085, 46134, 48183, 50232, 52281, 54330, 56379, 58428]
3279	0x1fd9	SLOAD	5	8	0	V1820	1	V1819							[3406, 5455, 7504, 9553, 11602, 13651, 15700, 17749, 19798, 21847, 23896, 25945, 27994, 30043, 32092, 34141, 36190, 38239, 40288, 42337, 44386, 46435, 48484, 50533, 52582, 54631, 56680, 58729]
3287	0x1fe2	SLOAD	5	8	0	V1823	1	V1822							[3503, 5552, 7601, 9650, 11699, 13748, 15797, 17846, 19895, 21944, 23993, 26042, 28091, 30140, 32189, 34238, 36287, 38336, 40385, 42434, 44483, 46532, 48581, 50630, 52679, 54728, 56777, 58826]
3375	0x2046	SLOAD	5	8	0	V1857	1	V1856							[3406, 5455, 7504, 9553, 11602, 13651, 15700, 17749, 19798, 21847, 23896, 25945, 27994, 30043, 32092, 34141, 36190, 38239, 40288, 42337, 44386, 46435, 48484, 50533, 52582, 54631, 56680, 58729]
3467	0x20b9	SLOAD	5	8	0	V1900	1	V1899							[3503, 5552, 7601, 9650, 11699, 13748, 15797, 17846, 19895, 21944, 23993, 26042, 28091, 30140, 32189, 34238, 36287, 38336, 40385, 42434, 44483, 46532, 48581, 50630, 52679, 54728, 56777, 58826]
4178	0x32f	SLOAD	7	11	2	V2303	1	V2302							[4202, 6251, 8300, 10349, 12398, 14447, 16496, 18545, 20594, 22643, 24692, 26741, 28790, 30839, 32888, 34937, 36986, 39035, 41084, 43133, 45182, 47231, 49280, 51329, 53378, 55427, 57476]
5188	0xb3b	SLOAD	9	12	1973616607287399481257728	V2879	1	V2878							[7203, 9252, 11301, 13350, 15399, 17448, 19497, 21546, 23595, 25644, 27693, 29742, 31791, 33840, 35889, 37938, 39987, 42036, 44085, 46134, 48183, 50232, 52281, 54330, 56379, 58428]
5328	0x1fd9	SLOAD	8	13	0	V2945	1	V2944							[5455, 7504, 9553, 11602, 13651, 15700, 17749, 19798, 21847, 23896, 25945, 27994, 30043, 32092, 34141, 36190, 38239, 40288, 42337, 44386, 46435, 48484, 50533, 52582, 54631, 56680, 58729]
5336	0x1fe2	SLOAD	8	13	0	V2948	1	V2947							[5552, 7601, 9650, 11699, 13748, 15797, 17846, 19895, 21944, 23993, 26042, 28091, 30140, 32189, 34238, 36287, 38336, 40385, 42434, 44483, 46532, 48581, 50630, 52679, 54728, 56777, 58826]
5424	0x2046	SLOAD	8	13	0	V2982	1	V2981							[5455, 7504, 9553, 11602, 13651, 15700, 17749, 19798, 21847, 23896, 25945, 27994, 30043, 32092, 34141, 36190, 38239, 40288, 42337, 44386, 46435, 48484, 50533, 52582, 54631, 56680, 58729]
5516	0x20b9	SLOAD	8	13	0	V3025	1	V3024							[5552, 7601, 9650, 11699, 13748, 15797, 17846, 19895, 21944, 23993, 26042, 28091, 30140, 32189, 34238, 36287, 38336, 40385, 42434, 44483, 46532, 48581, 50630, 52679, 54728, 56777, 58826]
6227	0x32f	SLOAD	10	16	3	V3428	1	V3427							[6251, 8300, 10349, 12398, 14447, 16496, 18545, 20594, 22643, 24692, 26741, 28790, 30839, 32888, 34937, 36986, 39035, 41084, 43133, 45182, 47231, 49280, 51329, 53378, 55427, 57476]
7237	0xb3b	SLOAD	12	17	1973874663852159862989064	V4004	1	V4003							[9252, 11301, 13350, 15399, 17448, 19497, 21546, 23595, 25644, 27693, 29742, 31791, 33840, 35889, 37938, 39987, 42036, 44085, 46134, 48183, 50232, 52281, 54330, 56379, 58428]
7377	0x1fd9	SLOAD	11	18	0	V4070	1	V4069							[7504, 9553, 11602, 13651, 15700, 17749, 19798, 21847, 23896, 25945, 27994, 30043, 32092, 34141, 36190, 38239, 40288, 42337, 44386, 46435, 48484, 50533, 52582, 54631, 56680, 58729]
7385	0x1fe2	SLOAD	11	18	0	V4073	1	V4072							[7601, 9650, 11699, 13748, 15797, 17846, 19895, 21944, 23993, 26042, 28091, 30140, 32189, 34238, 36287, 38336, 40385, 42434, 44483, 46532, 48581, 50630, 52679, 54728, 56777, 58826]
7473	0x2046	SLOAD	11	18	0	V4107	1	V4106							[7504, 9553, 11602, 13651, 15700, 17749, 19798, 21847, 23896, 25945, 27994, 30043, 32092, 34141, 36190, 38239, 40288, 42337, 44386, 46435, 48484, 50533, 52582, 54631, 56680, 58729]
7565	0x20b9	SLOAD	11	18	0	V4150	1	V4149							[7601, 9650, 11699, 13748, 15797, 17846, 19895, 21944, 23993, 26042, 28091, 30140, 32189, 34238, 36287, 38336, 40385, 42434, 44483, 46532, 48581, 50630, 52679, 54728, 56777, 58826]
8276	0x32f	SLOAD	13	21	4	V4553	1	V4552							[8300, 10349, 12398, 14447, 16496, 18545, 20594, 22643, 24692, 26741, 28790, 30839, 32888, 34937, 36986, 39035, 41084, 43133, 45182, 47231, 49280, 51329, 53378, 55427, 57476]
9286	0xb3b	SLOAD	15	22	1974132720416920244720400	V5129	1	V5128							[11301, 13350, 15399, 17448, 19497, 21546, 23595, 25644, 27693, 29742, 31791, 33840, 35889, 37938, 39987, 42036, 44085, 46134, 48183, 50232, 52281, 54330, 56379, 58428]
9426	0x1fd9	SLOAD	14	23	0	V5195	1	V5194							[9553, 11602, 13651, 15700, 17749, 19798, 21847, 23896, 25945, 27994, 30043, 32092, 34141, 36190, 38239, 40288, 42337, 44386, 46435, 48484, 50533, 52582, 54631, 56680, 58729]
9434	0x1fe2	SLOAD	14	23	0	V5198	1	V5197							[9650, 11699, 13748, 15797, 17846, 19895, 21944, 23993, 26042, 28091, 30140, 32189, 34238, 36287, 38336, 40385, 42434, 44483, 46532, 48581, 50630, 52679, 54728, 56777, 58826]
9522	0x2046	SLOAD	14	23	0	V5232	1	V5231							[9553, 11602, 13651, 15700, 17749, 19798, 21847, 23896, 25945, 27994, 30043, 32092, 34141, 36190, 38239, 40288, 42337, 44386, 46435, 48484, 50533, 52582, 54631, 56680, 58729]
9614	0x20b9	SLOAD	14	23	0	V5275	1	V5274							[9650, 11699, 13748, 15797, 17846, 19895, 21944, 23993, 26042, 28091, 30140, 32189, 34238, 36287, 38336, 40385, 42434, 44483, 46532, 48581, 50630, 52679, 54728, 56777, 58826]
10325	0x32f	SLOAD	16	26	5	V5678	1	V5677							[10349, 12398, 14447, 16496, 18545, 20594, 22643, 24692, 26741, 28790, 30839, 32888, 34937, 36986, 39035, 41084, 43133, 45182, 47231, 49280, 51329, 53378, 55427, 57476]
11335	0xb3b	SLOAD	18	27	1974390776981680626451736	V6254	1	V6253							[13350, 15399, 17448, 19497, 21546, 23595, 25644, 27693, 29742, 31791, 33840, 35889, 37938, 39987, 42036, 44085, 46134, 48183, 50232, 52281, 54330, 56379, 58428]
11475	0x1fd9	SLOAD	17	28	0	V6320	1	V6319							[11602, 13651, 15700, 17749, 19798, 21847, 23896, 25945, 27994, 30043, 32092, 34141, 36190, 38239, 40288, 42337, 44386, 46435, 48484, 50533, 52582, 54631, 56680, 58729]
11483	0x1fe2	SLOAD	17	28	0	V6323	1	V6322							[11699, 13748, 15797, 17846, 19895, 21944, 23993, 26042, 28091, 30140, 32189, 34238, 36287, 38336, 40385, 42434, 44483, 46532, 48581, 50630, 52679, 54728, 56777, 58826]
11571	0x2046	SLOAD	17	28	0	V6357	1	V6356							[11602, 13651, 15700, 17749, 19798, 21847, 23896, 25945, 27994, 30043, 32092, 34141, 36190, 38239, 40288, 42337, 44386, 46435, 48484, 50533, 52582, 54631, 56680, 58729]
11663	0x20b9	SLOAD	17	28	0	V6400	1	V6399							[11699, 13748, 15797, 17846, 19895, 21944, 23993, 26042, 28091, 30140, 32189, 34238, 36287, 38336, 40385, 42434, 44483, 46532, 48581, 50630, 52679, 54728, 56777, 58826]
12374	0x32f	SLOAD	19	31	6	V6803	1	V6802							[12398, 14447, 16496, 18545, 20594, 22643, 24692, 26741, 28790, 30839, 32888, 34937, 36986, 39035, 41084, 43133, 45182, 47231, 49280, 51329, 53378, 55427, 57476]
13384	0xb3b	SLOAD	21	32	1974648833546441008183072	V7379	1	V7378							[15399, 17448, 19497, 21546, 23595, 25644, 27693, 29742, 31791, 33840, 35889, 37938, 39987, 42036, 44085, 46134, 48183, 50232, 52281, 54330, 56379, 58428]
13524	0x1fd9	SLOAD	20	33	0	V7445	1	V7444							[13651, 15700, 17749, 19798, 21847, 23896, 25945, 27994, 30043, 32092, 34141, 36190, 38239, 40288, 42337, 44386, 46435, 48484, 50533, 52582, 54631, 56680, 58729]
13532	0x1fe2	SLOAD	20	33	0	V7448	1	V7447							[13748, 15797, 17846, 19895, 21944, 23993, 26042, 28091, 30140, 32189, 34238, 36287, 38336, 40385, 42434, 44483, 46532, 48581, 50630, 52679, 54728, 56777, 58826]
13620	0x2046	SLOAD	20	33	0	V7482	1	V7481							[13651, 15700, 17749, 19798, 21847, 23896, 25945, 27994, 30043, 32092, 34141, 36190, 38239, 40288, 42337, 44386, 46435, 48484, 50533, 52582, 54631, 56680, 58729]
13712	0x20b9	SLOAD	20	33	0	V7525	1	V7524							[13748, 15797, 17846, 19895, 21944, 23993, 26042, 28091, 30140, 32189, 34238, 36287, 38336, 40385, 42434, 44483, 46532, 48581, 50630, 52679, 54728, 56777, 58826]
14423	0x32f	SLOAD	22	36	7	V7928	1	V7927							[14447, 16496, 18545, 20594, 22643, 24692, 26741, 28790, 30839, 32888, 34937, 36986, 39035, 41084, 43133, 45182, 47231, 49280, 51329, 53378, 55427, 57476]
15433	0xb3b	SLOAD	24	37	1974906890111201389914408	V8504	1	V8503							[17448, 19497, 21546, 23595, 25644, 27693, 29742, 31791, 33840, 35889, 37938, 39987, 42036, 44085, 46134, 48183, 50232, 52281, 54330, 56379, 58428]
15573	0x1fd9	SLOAD	23	38	0	V8570	1	V8569							[15700, 17749, 19798, 21847, 23896, 25945, 27994, 30043, 32092, 34141, 36190, 38239, 40288, 42337, 44386, 46435, 48484, 50533, 52582, 54631, 56680, 58729]
15581	0x1fe2	SLOAD	23	38	0	V8573	1	V8572							[15797, 17846, 19895, 21944, 23993, 26042, 28091, 30140, 32189, 34238, 36287, 38336, 40385, 42434, 44483, 46532, 48581, 50630, 52679, 54728, 56777, 58826]
15669	0x2046	SLOAD	23	38	0	V8607	1	V8606							[15700, 17749, 19798, 21847, 23896, 25945, 27994, 30043, 32092, 34141, 36190, 38239, 40288, 42337, 44386, 46435, 48484, 50533, 52582, 54631, 56680, 58729]
15761	0x20b9	SLOAD	23	38	0	V8650	1	V8649							[15797, 17846, 19895, 21944, 23993, 26042, 28091, 30140, 32189, 34238, 36287, 38336, 40385, 42434, 44483, 46532, 48581, 50630, 52679, 54728, 56777, 58826]
16472	0x32f	SLOAD	25	41	8	V9053	1	V9052							[16496, 18545, 20594, 22643, 24692, 26741, 28790, 30839, 32888, 34937, 36986, 39035, 41084, 43133, 45182, 47231, 49280, 51329, 53378, 55427, 57476]
17482	0xb3b	SLOAD	27	42	1975164946675961771645744	V9629	1	V9628							[19497, 21546, 23595, 25644, 27693, 29742, 31791, 33840, 35889, 37938, 39987, 42036, 44085, 46134, 48183, 50232, 52281, 54330, 56379, 58428]
17622	0x1fd9	SLOAD	26	43	0	V9695	1	V9694							[17749, 19798, 21847, 23896, 25945, 27994, 30043, 32092, 34141, 36190, 38239, 40288, 42337, 44386, 46435, 48484, 50533, 52582, 54631, 56680, 58729]
17630	0x1fe2	SLOAD	26	43	0	V9698	1	V9697							[17846, 19895, 21944, 23993, 26042, 28091, 30140, 32189, 34238, 36287, 38336, 40385, 42434, 44483, 46532, 48581, 50630, 52679, 54728, 56777, 58826]
17718	0x2046	SLOAD	26	43	0	V9732	1	V9731							[17749, 19798, 21847, 23896, 25945, 27994, 30043, 32092, 34141, 36190, 38239, 40288, 42337, 44386, 46435, 48484, 50533, 52582, 54631, 56680, 58729]
17810	0x20b9	SLOAD	26	43	0	V9775	1	V9774							[17846, 19895, 21944, 23993, 26042, 28091, 30140, 32189, 34238, 36287, 38336, 40385, 42434, 44483, 46532, 48581, 50630, 52679, 54728, 56777, 58826]
18521	0x32f	SLOAD	28	46	9	V10178	1	V10177							[18545, 20594, 22643, 24692, 26741, 28790, 30839, 32888, 34937, 36986, 39035, 41084, 43133, 45182, 47231, 49280, 51329, 53378, 55427, 57476]
19531	0xb3b	SLOAD	30	47	1975423003240722153377080	V10754	1	V10753							[21546, 23595, 25644, 27693, 29742, 31791, 33840, 35889, 37938, 39987, 42036, 44085, 46134, 48183, 50232, 52281, 54330, 56379, 58428]
19671	0x1fd9	SLOAD	29	48	0	V10820	1	V10819							[19798, 21847, 23896, 25945, 27994, 30043, 32092, 34141, 36190, 38239, 40288, 42337, 44386, 46435, 48484, 50533, 52582, 54631, 56680, 58729]
19679	0x1fe2	SLOAD	29	48	0	V10823	1	V10822							[19895, 21944, 23993, 26042, 28091, 30140, 32189, 34238, 36287, 38336, 40385, 42434, 44483, 46532, 48581, 50630, 52679, 54728, 56777, 58826]
19767	0x2046	SLOAD	29	48	0	V10857	1	V10856							[19798, 21847, 23896, 25945, 27994, 30043, 32092, 34141, 36190, 38239, 40288, 42337, 44386, 46435, 48484, 50533, 52582, 54631, 56680, 58729]
19859	0x20b9	SLOAD	29	48	0	V10900	1	V10899							[19895, 21944, 23993, 26042, 28091, 30140, 32189, 34238, 36287, 38336, 40385, 42434, 44483, 46532, 48581, 50630, 52679, 54728, 56777, 58826]
20570	0x32f	SLOAD	31	51	10	V11303	1	V11302							[20594, 22643, 24692, 26741, 28790, 30839, 32888, 34937, 36986, 39035, 41084, 43133, 45182, 47231, 49280, 51329, 53378, 55427, 57476]
21580	0xb3b	SLOAD	33	52	1975681059805482535108416	V11879	1	V11878							[23595, 25644, 27693, 29742, 31791, 33840, 35889, 37938, 39987, 42036, 44085, 46134, 48183, 50232, 52281, 54330, 56379, 58428]
21720	0x1fd9	SLOAD	32	53	0	V11945	1	V11944							[21847, 23896, 25945, 27994, 30043, 32092, 34141, 36190, 38239, 40288, 42337, 44386, 46435, 48484, 50533, 52582, 54631, 56680, 58729]
21728	0x1fe2	SLOAD	32	53	0	V11948	1	V11947							[21944, 23993, 26042, 28091, 30140, 32189, 34238, 36287, 38336, 40385, 42434, 44483, 46532, 48581, 50630, 52679, 54728, 56777, 58826]
21816	0x2046	SLOAD	32	53	0	V11982	1	V11981							[21847, 23896, 25945, 27994, 30043, 32092, 34141, 36190, 38239, 40288, 42337, 44386, 46435, 48484, 50533, 52582, 54631, 56680, 58729]
21908	0x20b9	SLOAD	32	53	0	V12025	1	V12024							[21944, 23993, 26042, 28091, 30140, 32189, 34238, 36287, 38336, 40385, 42434, 44483, 46532, 48581, 50630, 52679, 54728, 56777, 58826]
22619	0x32f	SLOAD	34	56	11	V12428	1	V12427							[22643, 24692, 26741, 28790, 30839, 32888, 34937, 36986, 39035, 41084, 43133, 45182, 47231, 49280, 51329, 53378, 55427, 57476]
23629	0xb3b	SLOAD	36	57	1975939116370242916839752	V13004	1	V13003							[25644, 27693, 29742, 31791, 33840, 35889, 37938, 39987, 42036, 44085, 46134, 48183, 50232, 52281, 54330, 56379, 58428]
23769	0x1fd9	SLOAD	35	58	0	V13070	1	V13069							[23896, 25945, 27994, 30043, 32092, 34141, 36190, 38239, 40288, 42337, 44386, 46435, 48484, 50533, 52582, 54631, 56680, 58729]
23777	0x1fe2	SLOAD	35	58	0	V13073	1	V13072							[23993, 26042, 28091, 30140, 32189, 34238, 36287, 38336, 40385, 42434, 44483, 46532, 48581, 50630, 52679, 54728, 56777, 58826]
23865	0x2046	SLOAD	35	58	0	V13107	1	V13106							[23896, 25945, 27994, 30043, 32092, 34141, 36190, 38239, 40288, 42337, 44386, 46435, 48484, 50533, 52582, 54631, 56680, 58729]
23957	0x20b9	SLOAD	35	58	0	V13150	1	V13149							[23993, 26042, 28091, 30140, 32189, 34238, 36287, 38336, 40385, 42434, 44483, 46532, 48581, 50630, 52679, 54728, 56777, 58826]
24668	0x32f	SLOAD	37	61	12	V13553	1	V13552							[24692, 26741, 28790, 30839, 32888, 34937, 36986, 39035, 41084, 43133, 45182, 47231, 49280, 51329, 53378, 55427, 57476]
25678	0xb3b	SLOAD	39	62	1976197172935003298571088	V14129	1	V14128							[27693, 29742, 31791, 33840, 35889, 37938, 39987, 42036, 44085, 46134, 48183, 50232, 52281, 54330, 56379, 58428]
25818	0x1fd9	SLOAD	38	63	0	V14195	1	V14194							[25945, 27994, 30043, 32092, 34141, 36190, 38239, 40288, 42337, 44386, 46435, 48484, 50533, 52582, 54631, 56680, 58729]
25826	0x1fe2	SLOAD	38	63	0	V14198	1	V14197							[26042, 28091, 30140, 32189, 34238, 36287, 38336, 40385, 42434, 44483, 46532, 48581, 50630, 52679, 54728, 56777, 58826]
25914	0x2046	SLOAD	38	63	0	V14232	1	V14231							[25945, 27994, 30043, 32092, 34141, 36190, 38239, 40288, 42337, 44386, 46435, 48484, 50533, 52582, 54631, 56680, 58729]
26006	0x20b9	SLOAD	38	63	0	V14275	1	V14274							[26042, 28091, 30140, 32189, 34238, 36287, 38336, 40385, 42434, 44483, 46532, 48581, 50630, 52679, 54728, 56777, 58826]
26717	0x32f	SLOAD	40	66	13	V14678	1	V14677							[26741, 28790, 30839, 32888, 34937, 36986, 39035, 41084, 43133, 45182, 47231, 49280, 51329, 53378, 55427, 57476]
27727	0xb3b	SLOAD	42	67	1976455229499763680302424	V15254	1	V15253							[29742, 31791, 33840, 35889, 37938, 39987, 42036, 44085, 46134, 48183, 50232, 52281, 54330, 56379, 58428]
27867	0x1fd9	SLOAD	41	68	0	V15320	1	V15319							[27994, 30043, 32092, 34141, 36190, 38239, 40288, 42337, 44386, 46435, 48484, 50533, 52582, 54631, 56680, 58729]
27875	0x1fe2	SLOAD	41	68	0	V15323	1	V15322							[28091, 30140, 32189, 34238, 36287, 38336, 40385, 42434, 44483, 46532, 48581, 50630, 52679, 54728, 56777, 58826]
27963	0x2046	SLOAD	41	68	0	V15357	1	V15356							[27994, 30043, 32092, 34141, 36190, 38239, 40288, 42337, 44386, 46435, 48484, 50533, 52582, 54631, 56680, 58729]
28055	0x20b9	SLOAD	41	68	0	V15400	1	V15399							[28091, 30140, 32189, 34238, 36287, 38336, 40385, 42434, 44483, 46532, 48581, 50630, 52679, 54728, 56777, 58826]
28766	0x32f	SLOAD	43	71	14	V15803	1	V15802							[28790, 30839, 32888, 34937, 36986, 39035, 41084, 43133, 45182, 47231, 49280, 51329, 53378, 55427, 57476]
29776	0xb3b	SLOAD	45	72	1976713286064524062033760	V16379	1	V16378							[31791, 33840, 35889, 37938, 39987, 42036, 44085, 46134, 48183, 50232, 52281, 54330, 56379, 58428]
29916	0x1fd9	SLOAD	44	73	0	V16445	1	V16444							[30043, 32092, 34141, 36190, 38239, 40288, 42337, 44386, 46435, 48484, 50533, 52582, 54631, 56680, 58729]
29924	0x1fe2	SLOAD	44	73	0	V16448	1	V16447							[30140, 32189, 34238, 36287, 38336, 40385, 42434, 44483, 46532, 48581, 50630, 52679, 54728, 56777, 58826]
30012	0x2046	SLOAD	44	73	0	V16482	1	V16481							[30043, 32092, 34141, 36190, 38239, 40288, 42337, 44386, 46435, 48484, 50533, 52582, 54631, 56680, 58729]
30104	0x20b9	SLOAD	44	73	0	V16525	1	V16524							[30140, 32189, 34238, 36287, 38336, 40385, 42434, 44483, 46532, 48581, 50630, 52679, 54728, 56777, 58826]
30815	0x32f	SLOAD	46	76	15	V16928	1	V16927							[30839, 32888, 34937, 36986, 39035, 41084, 43133, 45182, 47231, 49280, 51329, 53378, 55427, 57476]
31825	0xb3b	SLOAD	48	77	1976971342629284443765096	V17504	1	V17503							[33840, 35889, 37938, 39987, 42036, 44085, 46134, 48183, 50232, 52281, 54330, 56379, 58428]
31965	0x1fd9	SLOAD	47	78	0	V17570	1	V17569							[32092, 34141, 36190, 38239, 40288, 42337, 44386, 46435, 48484, 50533, 52582, 54631, 56680, 58729]
31973	0x1fe2	SLOAD	47	78	0	V17573	1	V17572							[32189, 34238, 36287, 38336, 40385, 42434, 44483, 46532, 48581, 50630, 52679, 54728, 56777, 58826]
32061	0x2046	SLOAD	47	78	0	V17607	1	V17606							[32092, 34141, 36190, 38239, 40288, 42337, 44386, 46435, 48484, 50533, 52582, 54631, 56680, 58729]
32153	0x20b9	SLOAD	47	78	0	V17650	1	V17649							[32189, 34238, 36287, 38336, 40385, 42434, 44483, 46532, 48581, 50630, 52679, 54728, 56777, 58826]
32864	0x32f	SLOAD	49	81	16	V18053	1	V18052							[32888, 34937, 36986, 39035, 41084, 43133, 45182, 47231, 49280, 51329, 53378, 55427, 57476]
33874	0xb3b	SLOAD	51	82	1977229399194044825496432	V18629	1	V18628							[35889, 37938, 39987, 42036, 44085, 46134, 48183, 50232, 52281, 54330, 56379, 58428]
34014	0x1fd9	SLOAD	50	83	0	V18695	1	V18694							[34141, 36190, 38239, 40288, 42337, 44386, 46435, 48484, 50533, 52582, 54631, 56680, 58729]
34022	0x1fe2	SLOAD	50	83	0	V18698	1	V18697							[34238, 36287, 38336, 40385, 42434, 44483, 46532, 48581, 50630, 52679, 54728, 56777, 58826]
34110	0x2046	SLOAD	50	83	0	V18732	1	V18731							[34141, 36190, 38239, 40288, 42337, 44386, 46435, 48484, 50533, 52582, 54631, 56680, 58729]
34202	0x20b9	SLOAD	50	83	0	V18775	1	V18774							[34238, 36287, 38336, 40385, 42434, 44483, 46532, 48581, 50630, 52679, 54728, 56777, 58826]
34913	0x32f	SLOAD	52	86	17	V19178	1	V19177							[34937, 36986, 39035, 41084, 43133, 45182, 47231, 49280, 51329, 53378, 55427, 57476]
35923	0xb3b	SLOAD	54	87	1977487455758805207227768	V19754	1	V19753							[37938, 39987, 42036, 44085, 46134, 48183, 50232, 52281, 54330, 56379, 58428]
36063	0x1fd9	SLOAD	53	88	0	V19820	1	V19819							[36190, 38239, 40288, 42337, 44386, 46435, 48484, 50533, 52582, 54631, 56680, 58729]
36071	0x1fe2	SLOAD	53	88	0	V19823	1	V19822							[36287, 38336, 40385, 42434, 44483, 46532, 48581, 50630, 52679, 54728, 56777, 58826]
36159	0x2046	SLOAD	53	88	0	V19857	1	V19856							[36190, 38239, 40288, 42337, 44386, 46435, 48484, 50533, 52582, 54631, 56680, 58729]
36251	0x20b9	SLOAD	53	88	0	V19900	1	V19899							[36287, 38336, 40385, 42434, 44483, 46532, 48581, 50630, 52679, 54728, 56777, 58826]
36962	0x32f	SLOAD	55	91	18	V20303	1	V20302							[36986, 39035, 41084, 43133, 45182, 47231, 49280, 51329, 53378, 55427, 57476]
37972	0xb3b	SLOAD	57	92	1977745512323565588959104	V20879	1	V20878							[39987, 42036, 44085, 46134, 48183, 50232, 52281, 54330, 56379, 58428]
38112	0x1fd9	SLOAD	56	93	0	V20945	1	V20944							[38239, 40288, 42337, 44386, 46435, 48484, 50533, 52582, 54631, 56680, 58729]
38120	0x1fe2	SLOAD	56	93	0	V20948	1	V20947							[38336, 40385, 42434, 44483, 46532, 48581, 50630, 52679, 54728, 56777, 58826]
38208	0x2046	SLOAD	56	93	0	V20982	1	V20981							[38239, 40288, 42337, 44386, 46435, 48484, 50533, 52582, 54631, 56680, 58729]
38300	0x20b9	SLOAD	56	93	0	V21025	1	V21024							[38336, 40385, 42434, 44483, 46532, 48581, 50630, 52679, 54728, 56777, 58826]
39011	0x32f	SLOAD	58	96	19	V21428	1	V21427							[39035, 41084, 43133, 45182, 47231, 49280, 51329, 53378, 55427, 57476]
40021	0xb3b	SLOAD	60	97	1978003568888325970690440	V22004	1	V22003							[42036, 44085, 46134, 48183, 50232, 52281, 54330, 56379, 58428]
40161	0x1fd9	SLOAD	59	98	0	V22070	1	V22069							[40288, 42337, 44386, 46435, 48484, 50533, 52582, 54631, 56680, 58729]
40169	0x1fe2	SLOAD	59	98	0	V22073	1	V22072							[40385, 42434, 44483, 46532, 48581, 50630, 52679, 54728, 56777, 58826]
40257	0x2046	SLOAD	59	98	0	V22107	1	V22106							[40288, 42337, 44386, 46435, 48484, 50533, 52582, 54631, 56680, 58729]
40349	0x20b9	SLOAD	59	98	0	V22150	1	V22149							[40385, 42434, 44483, 46532, 48581, 50630, 52679, 54728, 56777, 58826]
41060	0x32f	SLOAD	61	101	20	V22553	1	V22552							[41084, 43133, 45182, 47231, 49280, 51329, 53378, 55427, 57476]
42070	0xb3b	SLOAD	63	102	1978261625453086352421776	V23129	1	V23128							[44085, 46134, 48183, 50232, 52281, 54330, 56379, 58428]
42210	0x1fd9	SLOAD	62	103	0	V23195	1	V23194							[42337, 44386, 46435, 48484, 50533, 52582, 54631, 56680, 58729]
42218	0x1fe2	SLOAD	62	103	0	V23198	1	V23197							[42434, 44483, 46532, 48581, 50630, 52679, 54728, 56777, 58826]
42306	0x2046	SLOAD	62	103	0	V23232	1	V23231							[42337, 44386, 46435, 48484, 50533, 52582, 54631, 56680, 58729]
42398	0x20b9	SLOAD	62	103	0	V23275	1	V23274							[42434, 44483, 46532, 48581, 50630, 52679, 54728, 56777, 58826]
43109	0x32f	SLOAD	64	106	21	V23678	1	V23677							[43133, 45182, 47231, 49280, 51329, 53378, 55427, 57476]
44119	0xb3b	SLOAD	66	107	1978519682017846734153112	V24254	1	V24253							[46134, 48183, 50232, 52281, 54330, 56379, 58428]
44259	0x1fd9	SLOAD	65	108	0	V24320	1	V24319							[44386, 46435, 48484, 50533, 52582, 54631, 56680, 58729]
44267	0x1fe2	SLOAD	65	108	0	V24323	1	V24322							[44483, 46532, 48581, 50630, 52679, 54728, 56777, 58826]
44355	0x2046	SLOAD	65	108	0	V24357	1	V24356							[44386, 46435, 48484, 50533, 52582, 54631, 56680, 58729]
44447	0x20b9	SLOAD	65	108	0	V24400	1	V24399							[44483, 46532, 48581, 50630, 52679, 54728, 56777, 58826]
45158	0x32f	SLOAD	67	111	22	V24803	1	V24802							[45182, 47231, 49280, 51329, 53378, 55427, 57476]
46168	0xb3b	SLOAD	69	112	1978777738582607115884448	V25379	1	V25378							[48183, 50232, 52281, 54330, 56379, 58428]
46308	0x1fd9	SLOAD	68	113	0	V25445	1	V25444							[46435, 48484, 50533, 52582, 54631, 56680, 58729]
46316	0x1fe2	SLOAD	68	113	0	V25448	1	V25447							[46532, 48581, 50630, 52679, 54728, 56777, 58826]
46404	0x2046	SLOAD	68	113	0	V25482	1	V25481							[46435, 48484, 50533, 52582, 54631, 56680, 58729]
46496	0x20b9	SLOAD	68	113	0	V25525	1	V25524							[46532, 48581, 50630, 52679, 54728, 56777, 58826]
47207	0x32f	SLOAD	70	116	23	V25928	1	V25927							[47231, 49280, 51329, 53378, 55427, 57476]
48217	0xb3b	SLOAD	72	117	1979035795147367497615784	V26504	1	V26503							[50232, 52281, 54330, 56379, 58428]
48357	0x1fd9	SLOAD	71	118	0	V26570	1	V26569							[48484, 50533, 52582, 54631, 56680, 58729]
48365	0x1fe2	SLOAD	71	118	0	V26573	1	V26572							[48581, 50630, 52679, 54728, 56777, 58826]
48453	0x2046	SLOAD	71	118	0	V26607	1	V26606							[48484, 50533, 52582, 54631, 56680, 58729]
48545	0x20b9	SLOAD	71	118	0	V26650	1	V26649							[48581, 50630, 52679, 54728, 56777, 58826]
49256	0x32f	SLOAD	73	121	24	V27053	1	V27052							[49280, 51329, 53378, 55427, 57476]
50266	0xb3b	SLOAD	75	122	1979293851712127879347120	V27629	1	V27628							[52281, 54330, 56379, 58428]
50406	0x1fd9	SLOAD	74	123	0	V27695	1	V27694							[50533, 52582, 54631, 56680, 58729]
50414	0x1fe2	SLOAD	74	123	0	V27698	1	V27697							[50630, 52679, 54728, 56777, 58826]
50502	0x2046	SLOAD	74	123	0	V27732	1	V27731							[50533, 52582, 54631, 56680, 58729]
50594	0x20b9	SLOAD	74	123	0	V27775	1	V27774							[50630, 52679, 54728, 56777, 58826]
51305	0x32f	SLOAD	76	126	25	V28178	1	V28177							[51329, 53378, 55427, 57476]
52315	0xb3b	SLOAD	78	127	1979551908276888261078456	V28754	1	V28753							[54330, 56379, 58428]
52455	0x1fd9	SLOAD	77	128	0	V28820	1	V28819							[52582, 54631, 56680, 58729]
52463	0x1fe2	SLOAD	77	128	0	V28823	1	V28822							[52679, 54728, 56777, 58826]
52551	0x2046	SLOAD	77	128	0	V28857	1	V28856							[52582, 54631, 56680, 58729]
52643	0x20b9	SLOAD	77	128	0	V28900	1	V28899							[52679, 54728, 56777, 58826]
53354	0x32f	SLOAD	79	131	26	V29303	1	V29302							[53378, 55427, 57476]
54364	0xb3b	SLOAD	81	132	1979809964841648642809792	V29879	1	V29878							[56379, 58428]
54504	0x1fd9	SLOAD	80	133	0	V29945	1	V29944							[54631, 56680, 58729]
54512	0x1fe2	SLOAD	80	133	0	V29948	1	V29947							[54728, 56777, 58826]
54600	0x2046	SLOAD	80	133	0	V29982	1	V29981							[54631, 56680, 58729]
54692	0x20b9	SLOAD	80	133	0	V30025	1	V30024							[54728, 56777, 58826]
55403	0x32f	SLOAD	82	136	27	V30428	1	V30427							[55427, 57476]
56413	0xb3b	SLOAD	84	137	1980068021406409024541128	V31004	1	V31003							[58428]
56553	0x1fd9	SLOAD	83	138	0	V31070	1	V31069							[56680, 58729]
56561	0x1fe2	SLOAD	83	138	0	V31073	1	V31072							[56777, 58826]
56649	0x2046	SLOAD	83	138	0	V31107	1	V31106							[56680, 58729]
56741	0x20b9	SLOAD	83	138	0	V31150	1	V31149							[56777, 58826]
57452	0x32f	SLOAD	85	141	28	V31553	1	V31552							[57476]
58602	0x1fd9	SLOAD	86	143	0	V32195	1	V32194							[58729]
58610	0x1fe2	SLOAD	86	143	0	V32198	1	V32197							[58826]
58698	0x2046	SLOAD	86	143	0	V32232	1	V32231							[58729]
58790	0x20b9	SLOAD	86	143	0	V32275	1	V32274							[58826]
60068	0x605	SLOAD	89	147	258056141471000000000	V33003	1	V33002							[60234, 60490, 60704, 60918, 61132, 61346, 61560, 61774, 61988, 62202, 62416, 62630, 62844, 63058, 63272, 63486, 63700, 63914, 64128, 64342, 64556, 64770, 64984, 65198, 65412, 65626, 65840, 66054, 66268, 66482]
60092	0x2953	SLOAD	89	147	56989765	V33015	1	V33014							[60133, 60443, 60497, 60657, 60711, 60871, 60925, 61085, 61139, 61299, 61353, 61513, 61567, 61727, 61781, 61941, 61995, 62155, 62209, 62369, 62423, 62583, 62637, 62797, 62851, 63011, 63065, 63225, 63279, 63439, 63493, 63653, 63707, 63867, 63921, 64081, 64135, 64295, 64349, 64509, 64563, 64723, 64777, 64937, 64991, 65151, 65205, 65365, 65419, 65579, 65633, 65793, 65847, 66007, 66061, 66221, 66275, 66435, 66489]
60190	0x2635	SLOAD	89	147	258056141471000000000	V33060	1	V33059							[60234, 60490, 60704, 60918, 61132, 61346, 61560, 61774, 61988, 62202, 62416, 62630, 62844, 63058, 63272, 63486, 63700, 63914, 64128, 64342, 64556, 64770, 64984, 65198, 65412, 65626, 65840, 66054, 66268, 66482]
